scenario,accuracy
Standard Pipeline,0.4192691147327423
No Augmentation,0.4651162922382355
